{"data":{"ghhprefs":"s{\"shownotc\":[\"Y\",\"Show hit notices(Y|N)\"],\"mngpaneopen\":[\"Y-N\",\"Persistence enabled(Y|N),Pane was open(Y|N),Last tab number(1-4)\"],\"mngbtnstyle\":[\"both-ifrN-R-P-Y-H\",\"Display Manage Hiding button and Block buttons(mng|blk|both),In iframes(ifrN|ifrY),Position(R,T,B),Block button display(P,M),Block button tooltips(Y|N), Block button position(H|C)\"],\"addtolistpos\":[\"end\",\"Where to add new hits to block lists(end|top|sort)\"],\"aggressiveblock\":[\"none\",\"Which domains to default to shorter form(none|all|www)\"],\"usemutation\":[\"on-Y\",\"Listen for mutation events(on|off),Use DOM4 Mutation Observer(Y|N)\"],\"oneclick\":[\"N-N\",\"One-click blocking(Y|N),Goes to Perma-ban(Y|N)\"],\"runbeta\":[\"N\",\"Enable incompletely tested features (Y|N)\"],\"reserved2\":[\"X\",\"Y\"]}"},"ts":1593089980951}