{"options":{"awareOfChrome":false,"check_for_updates":true,"comment":null,"compat_arrayleft":false,"compat_foreach":false,"compat_forvarin":false,"compat_metadata":false,"compat_uW_gmonkey":false,"compat_wrappedjsobject":false,"compatopts_for_requires":true,"noframes":null,"override":{"merge_connects":true,"merge_excludes":true,"merge_includes":true,"merge_matches":true,"orig_connects":[],"orig_excludes":[],"orig_includes":["http://letitbit.net/download*","http://*.letitbit.net/download*","http://vip-file.com/download*","http://*.vip-file.com/download*","http://shareflare.net/download*","http://*.shareflare.net/download*"],"orig_matches":[],"orig_noframes":null,"orig_run_at":"document-idle","use_blockers":[],"use_connects":[],"use_excludes":[],"use_includes":[],"use_matches":[]},"run_at":null},"settings":{"enabled":true,"position":19},"meta":{"name":"letitbitjs","uuid":"2f27b9cc-1a0f-4ffd-a403-917115a417ea","modified":1603035389866,"file_url":"https://openuserjs.org/install/reklatsmasters/letitbitjs.user.js"}}