{"options":{"awareOfChrome":false,"check_for_updates":true,"comment":null,"compat_arrayleft":false,"compat_foreach":false,"compat_forvarin":false,"compat_metadata":false,"compat_uW_gmonkey":false,"compat_wrappedjsobject":false,"compatopts_for_requires":true,"noframes":null,"override":{"merge_connects":true,"merge_excludes":true,"merge_includes":true,"merge_matches":true,"orig_connects":["https://shitcopikabu.strangled.net"],"orig_excludes":[],"orig_includes":["http://pikabu.ru/*","https://pikabu.ru/*","https://old.pikabu.ru/*"],"orig_matches":[],"orig_noframes":null,"orig_run_at":"document-idle","use_blockers":[],"use_connects":[],"use_excludes":[],"use_includes":[],"use_matches":[]},"run_at":null},"settings":{"enabled":true,"position":20},"meta":{"name":"Pikabu Magic Wand userscript edition","uuid":"e8c69b34-da54-43af-8eb1-e54ce43e50d1","modified":1603035406322,"file_url":"https://openuserjs.org/install/shitcopikabu/Pikabu_Magic_Wand_userscript_edition.user.js"}}