{"options":{"check_for_updates":false,"comment":null,"compat_foreach":false,"compat_metadata":false,"compat_prototypes":false,"compat_wrappedjsobject":false,"compatopts_for_requires":true,"noframes":null,"override":{"merge_connects":true,"merge_excludes":true,"merge_includes":true,"merge_matches":true,"orig_connects":[],"orig_excludes":[],"orig_includes":[],"orig_matches":["*://quote.eastmoney.com/zs000905.html?mine","*://finance.eastmoney.com/yaowen.html"],"orig_noframes":null,"orig_run_at":"document-idle","use_blockers":[],"use_connects":[],"use_excludes":[],"use_includes":[],"use_matches":[]},"run_at":null},"settings":{"enabled":true,"position":22},"meta":{"name":"东方","uuid":"f44d0bd8-5eab-4789-aaa6-85419e53b3d8","modified":1617208702494,"file_url":"https://greasyfork.org/scripts/414549-%E4%B8%9C%E6%96%B9/code/%E4%B8%9C%E6%96%B9.user.js"}}