{"options":{"awareOfChrome":false,"check_for_updates":true,"comment":null,"compat_arrayleft":false,"compat_foreach":false,"compat_forvarin":false,"compat_metadata":false,"compat_uW_gmonkey":false,"compat_wrappedjsobject":false,"compatopts_for_requires":true,"noframes":null,"override":{"merge_connects":true,"merge_excludes":true,"merge_includes":true,"merge_matches":true,"orig_connects":[],"orig_excludes":[],"orig_includes":["http://guba.eastmoney.com/*"],"orig_matches":[],"orig_noframes":null,"orig_run_at":"document-idle","use_blockers":[],"use_connects":[],"use_excludes":[],"use_includes":[],"use_matches":[]},"run_at":null},"settings":{"enabled":true,"position":21},"meta":{"name":"东方财富股吧增强功能增强","uuid":"ef140b66-2ae3-428d-9c05-8142323eb4db","modified":1603385640922,"file_url":"https://greasyfork.org/scripts/19504-%E4%B8%9C%E6%96%B9%E8%B4%A2%E5%AF%8C%E8%82%A1%E5%90%A7%E5%A2%9E%E5%BC%BA%E5%8A%9F%E8%83%BD%E5%A2%9E%E5%BC%BA/code/%E4%B8%9C%E6%96%B9%E8%B4%A2%E5%AF%8C%E8%82%A1%E5%90%A7%E5%A2%9E%E5%BC%BA%E5%8A%9F%E8%83%BD%E5%A2%9E%E5%BC%BA.user.js"}}