{"options":{"check_for_updates":true,"comment":null,"compat_foreach":false,"compat_metadata":false,"compat_prototypes":false,"compat_wrappedjsobject":false,"compatopts_for_requires":true,"noframes":null,"override":{"merge_connects":true,"merge_excludes":true,"merge_includes":true,"merge_matches":true,"orig_connects":["pcw-api.iqiyi.com","vip.coolhii.com","cc.infopocc.top","zhihu.com","vzuu.com","www.whatbuytoday.com"],"orig_excludes":["*://pan.baidu.com/share/manage*"],"orig_includes":["*://*.youku.com/v_*","*://*.iqiyi.com/v_*","*://*.iqiyi.com/w_*","*://*.iqiyi.com/a_*","*://*.le.com/ptv/vplay/*","*://v.qq.com/x/cover/*","*://v.qq.com/x/page/*","*://*.tudou.com/listplay/*","*://*.tudou.com/albumplay/*","*://*.tudou.com/programs/view/*","*://*.mgtv.com/b/*","*://film.sohu.com/album/*","*://tv.sohu.com/v/*","*://*.acfun.cn/v/*","*://*.baofeng.com/play/*","*://vip.pptv.com/show/*","*://v.pptv.com/show/*","*://vip.coolhii.com/video/s*","*://pan.baidu.com/s/*","*://yun.baidu.com/s/*","*://pan.baidu.com/share/init*","*://yun.baidu.com/share/init*","*://item.taobao.com/*","*://www.zhihu.com/*","https://v.vzuu.com/video/*","https://video.zhihu.com/video/*","*://item.taobao.com/*","*://*detail.tmall.com/*","*://*detail.tmall.hk/*","*://*product.suning.com/*","*://*item.jd.com/*","*://*detail.vip.com/*","*://*mobile.yangkeduo.com/goods*"],"orig_matches":["*://music.163.com/*","*://y.qq.com/*","*://www.kugou.com/*","*://cn.bing.com/","*://cn.bing.com/?FORM=*","*://www.zhihu.com/*","https://v.vzuu.com/video/*","https://video.zhihu.com/video/*"],"orig_noframes":null,"orig_run_at":"document-idle","use_blockers":[],"use_connects":[],"use_excludes":[],"use_includes":[],"use_matches":[]},"run_at":null},"settings":{"enabled":true,"position":1},"meta":{"name":"全网VIP视频免费看(支持爱奇艺、腾讯等)去广告，支持电视剧免跳出选集；全网音乐下载(多线路)；知乎视频下载；在线观看高清TV；必应壁纸下载等","uuid":"0fa150fa-a7ac-432f-95c2-e765ad2bdc00","modified":1619017390673,"file_url":"https://greasyfork.org/scripts/390952-%E7%99%BE%E5%BA%A6%E7%BD%91%E7%9B%98vip%E7%A0%B4%E8%A7%A3-%E5%85%A8%E9%80%9F%E4%B8%8B%E8%BD%BD-%E8%87%AA%E5%8A%A8%E5%A1%AB%E5%86%99%E6%8F%90%E5%8F%96%E7%A0%81-%E5%85%A8%E7%BD%91vip%E8%A7%86%E9%A2%91%E5%85%8D%E8%B4%B9%E6%92%AD%E6%94%BE-%E5%8E%BB%E5%B9%BF%E5%91%8A-%E6%94%AF%E6%8C%81%E7%94%B5%E8%A7%86%E5%89%A7%E5%85%8D%E8%B7%B3%E5%87%BA%E9%80%89%E9%9B%86-%E9%9F%B3%E4%B9%90%E6%97%A0%E6%8D%9F%E4%B8%8B%E8%BD%BD-%E6%AD%8C%E8%AF%8D%E4%B8%8B%E8%BD%BD-%E5%B0%81%E9%9D%A2%E4%B8%8B%E8%BD%BD-%E7%A6%8F%E5%88%A9-%E4%BA%AB%E4%B8%8D%E5%81%9C-%E8%96%85%E7%BE%8A%E6%AF%9B%E7%AD%89/code/%E7%99%BE%E5%BA%A6%E7%BD%91%E7%9B%98VIP%E7%A0%B4%E8%A7%A3%EF%BC%8C%E5%85%A8%E9%80%9F%E4%B8%8B%E8%BD%BD%EF%BC%8C%E8%87%AA%E5%8A%A8%E5%A1%AB%E5%86%99%E6%8F%90%E5%8F%96%E7%A0%81%EF%BC%9B%E5%85%A8%E7%BD%91VIP%E8%A7%86%E9%A2%91%E5%85%8D%E8%B4%B9%E6%92%AD%E6%94%BE%EF%BC%8C%E5%8E%BB%E5%B9%BF%E5%91%8A%EF%BC%8C%E6%94%AF%E6%8C%81%E7%94%B5%E8%A7%86%E5%89%A7%E5%85%8D%E8%B7%B3%E5%87%BA%E9%80%89%E9%9B%86%EF%BC%9B%E9%9F%B3%E4%B9%90%E6%97%A0%E6%8D%9F%E4%B8%8B%E8%BD%BD%EF%BC%8C%E6%AD%8C%E8%AF%8D%E4%B8%8B%E8%BD%BD%EF%BC%8C%E5%B0%81%E9%9D%A2%E4%B8%8B%E8%BD%BD%EF%BC%9B%E3%80%8C%20%E7%A6%8F%E5%88%A9%E3%80%8D%E4%BA%AB%E4%B8%8D%E5%81%9C%E3%80%81%E8%96%85%E7%BE%8A%E6%AF%9B%E7%AD%89.user.js"}}