{"options":{"awareOfChrome":false,"check_for_updates":true,"comment":null,"compat_arrayleft":false,"compat_foreach":false,"compat_forvarin":false,"compat_metadata":false,"compat_uW_gmonkey":false,"compat_wrappedjsobject":false,"compatopts_for_requires":true,"noframes":null,"override":{"merge_connects":true,"merge_excludes":true,"merge_includes":true,"merge_matches":true,"orig_connects":[],"orig_excludes":[],"orig_includes":[],"orig_matches":["https://*.xuetangx.com/*"],"orig_noframes":null,"orig_run_at":"document-idle","use_blockers":[],"use_connects":[],"use_excludes":[],"use_includes":[],"use_matches":[]},"run_at":null},"settings":{"enabled":true,"position":27},"meta":{"name":"学堂在线自动刷课-超级助手「万能稳定版」","uuid":"1dcbe882-9e0d-4ff1-af53-fbf611fd9008","modified":1613911700999,"file_url":"https://greasyfork.org/scripts/405693-%E5%AD%A6%E5%A0%82%E5%9C%A8%E7%BA%BF%E8%87%AA%E5%8A%A8%E5%88%B7%E8%AF%BE-%E8%B6%85%E7%BA%A7%E5%8A%A9%E6%89%8B-%E4%B8%87%E8%83%BD%E7%A8%B3%E5%AE%9A%E7%89%88/code/%E5%AD%A6%E5%A0%82%E5%9C%A8%E7%BA%BF%E8%87%AA%E5%8A%A8%E5%88%B7%E8%AF%BE-%E8%B6%85%E7%BA%A7%E5%8A%A9%E6%89%8B%E3%80%8C%E4%B8%87%E8%83%BD%E7%A8%B3%E5%AE%9A%E7%89%88%E3%80%8D.user.js"}}