{"options":{"awareOfChrome":false,"check_for_updates":true,"comment":null,"compat_arrayleft":false,"compat_foreach":false,"compat_forvarin":false,"compat_metadata":false,"compat_uW_gmonkey":false,"compat_wrappedjsobject":false,"compatopts_for_requires":true,"noframes":null,"override":{"merge_connects":true,"merge_excludes":true,"merge_includes":true,"merge_matches":true,"orig_connects":[],"orig_excludes":[],"orig_includes":[],"orig_matches":["*://study.zhihuishu.com/learning/videoList;jsessionid*","*://study.zhihuishu.com/learning/videoList?courseId*","*://course.zhihuishu.com/learning/videoList?courseId*","*://course.zhihuishu.com/learning/videoList;jsessionid*","*://online.zhihuishu.com/CreateCourse/learning/videoList?courseId*","*://study.zhihuishu.com/learning/videoList?recruitAndCourseId*","*://exam.zhihuishu.com/onlineExam/*","*://lc.zhihuishu.com/live/vod_room.html?t*"],"orig_noframes":null,"orig_run_at":"document-idle","use_blockers":[],"use_connects":[],"use_excludes":[],"use_includes":[],"use_matches":[]},"run_at":null},"settings":{"enabled":true,"position":26},"meta":{"name":"智慧树全能助手","uuid":"77d0bf72-7c68-4b82-8b6a-de55097a06a6","modified":1613911511982,"file_url":"https://greasyfork.org/scripts/374619-%E6%99%BA%E6%85%A7%E6%A0%91%E5%85%A8%E8%83%BD%E5%8A%A9%E6%89%8B/code/%E6%99%BA%E6%85%A7%E6%A0%91%E5%85%A8%E8%83%BD%E5%8A%A9%E6%89%8B.user.js"}}