{"options":{"check_for_updates":true,"comment":null,"compat_foreach":false,"compat_metadata":false,"compat_prototypes":false,"compat_wrappedjsobject":false,"compatopts_for_requires":true,"noframes":null,"override":{"merge_connects":true,"merge_excludes":true,"merge_includes":true,"merge_matches":true,"orig_connects":[],"orig_excludes":[],"orig_includes":[],"orig_matches":["*://wenku.baidu.com/view/*"],"orig_noframes":null,"orig_run_at":"document-end","use_blockers":[],"use_connects":[],"use_excludes":[],"use_includes":[],"use_matches":[]},"run_at":null},"settings":{"enabled":false,"position":32},"meta":{"name":"百度文库文字复制","uuid":"391c827d-7159-4b3b-8c63-4e09ad27a8ae","modified":1624295692641,"file_url":"https://greasyfork.org/scripts/369861-%E7%99%BE%E5%BA%A6%E6%96%87%E5%BA%93%E6%96%87%E5%AD%97%E5%A4%8D%E5%88%B6/code/%E7%99%BE%E5%BA%A6%E6%96%87%E5%BA%93%E6%96%87%E5%AD%97%E5%A4%8D%E5%88%B6.user.js"}}