{"data":{"$config":"o{\"uid\":\"toqqobt6rpb6597lb9z16tugcezc7hg6\",\"share_log_list\":{\"baidu#cyb_hgeSB4WktVAQAlIbEw\":{\"share_id\":\"cyb_hgeSB4WktVAQAlIbEw\",\"share_pwd\":\"5qbo\",\"share_link\":\"https://pan.baidu.com/share/init?surl=cyb_hgeSB4WktVAQAlIbEw\",\"share_source\":\"baidu\",\"share_time\":1594043085800},\"baidu#utLUIK2PPVnB4vtNjZ5dLg\":{\"share_id\":\"utLUIK2PPVnB4vtNjZ5dLg\",\"share_pwd\":\"void\",\"share_link\":\"https://pan.baidu.com/share/init?surl=utLUIK2PPVnB4vtNjZ5dLg\",\"share_source\":\"baidu\",\"share_time\":1594524564903},\"baidu#dsN886faQrWhI6tQzVnn9w\":{\"share_id\":\"dsN886faQrWhI6tQzVnn9w\",\"share_pwd\":\"qiji\",\"share_link\":\"https://pan.baidu.com/share/init?surl=dsN886faQrWhI6tQzVnn9w\",\"share_source\":\"baidu\",\"share_time\":1605795085061},\"baidu#qomECrvtD3_8bIDnIjiWmg\":{\"share_id\":\"qomECrvtD3_8bIDnIjiWmg\",\"share_pwd\":\"s916\",\"share_link\":\"https://pan.baidu.com/share/init?surl=qomECrvtD3_8bIDnIjiWmg\",\"share_source\":\"baidu\",\"share_time\":1607017704668},\"baidu#QQNNr1ZKTM-gHnFs8wtgTA\":{\"share_id\":\"QQNNr1ZKTM-gHnFs8wtgTA\",\"share_pwd\":\"45cq\",\"share_link\":\"https://pan.baidu.com/share/init?surl=QQNNr1ZKTM-gHnFs8wtgTA\",\"share_source\":\"baidu\",\"share_time\":1613360792171},\"baidu#qBPLZ8TdYuD3OYmTdIAjTQ\":{\"share_id\":\"qBPLZ8TdYuD3OYmTdIAjTQ\",\"share_pwd\":\"akuq\",\"share_link\":\"https://pan.baidu.com/share/init?surl=qBPLZ8TdYuD3OYmTdIAjTQ\",\"share_source\":\"baidu\",\"share_time\":1613360903466},\"baidu#Ff_fTlE0hIkUAZBQlqHn2A\":{\"share_id\":\"Ff_fTlE0hIkUAZBQlqHn2A\",\"share_pwd\":\"qs4r\",\"share_link\":\"https://pan.baidu.com/share/init?surl=Ff_fTlE0hIkUAZBQlqHn2A\",\"share_source\":\"baidu\",\"share_time\":1613361369528}}}","$storage":"o{\"version_date\":\"20210613\",\"version_payload\":{\"version\":\"0.4.7\"},\"version_latest\":\"0.4.7\"}"},"ts":1623575940369}