{"options":{"awareOfChrome":false,"check_for_updates":true,"comment":null,"compat_arrayleft":false,"compat_foreach":false,"compat_forvarin":false,"compat_metadata":false,"compat_uW_gmonkey":false,"compat_wrappedjsobject":false,"compatopts_for_requires":true,"noframes":null,"override":{"merge_connects":true,"merge_excludes":true,"merge_includes":true,"merge_matches":true,"orig_connects":[],"orig_excludes":[],"orig_includes":[],"orig_matches":["http://120.55.163.157/index.php"],"orig_noframes":null,"orig_run_at":"document-idle","use_blockers":[],"use_connects":[],"use_excludes":[],"use_includes":[],"use_matches":[]},"run_at":null},"settings":{"enabled":true,"position":16},"meta":{"name":"讯邦oa系统-辅助","uuid":"67f8f2b8-144e-43a1-92bc-d556d28d57e3","modified":1602863872344,"file_url":"https://greasyfork.org/scripts/402701-%E8%AE%AF%E9%82%A6oa%E7%B3%BB%E7%BB%9F-%E8%BE%85%E5%8A%A9/code/%E8%AE%AF%E9%82%A6oa%E7%B3%BB%E7%BB%9F-%E8%BE%85%E5%8A%A9.user.js"}}