{"options":{"awareOfChrome":false,"check_for_updates":true,"comment":null,"compat_arrayleft":false,"compat_foreach":false,"compat_forvarin":false,"compat_metadata":false,"compat_uW_gmonkey":false,"compat_wrappedjsobject":false,"compatopts_for_requires":true,"noframes":null,"override":{"merge_connects":true,"merge_excludes":true,"merge_includes":true,"merge_matches":true,"orig_connects":["*"],"orig_excludes":["https://*/follows_comments*","http*://*collections?show_followings=on"],"orig_includes":["https://movie.douban.com/"],"orig_matches":["https://movie.douban.com/*"],"orig_noframes":null,"orig_run_at":"document-start","use_blockers":[],"use_connects":["www.languang.co","minimp4.com","www.yunbowang.cn","www.btdx8.com","m.imdb.com","www.pniao.com","*"],"use_excludes":[],"use_includes":[],"use_matches":[]},"run_at":null},"settings":{"enabled":true,"position":3},"meta":{"name":"豆瓣电影助手|douban movie helper","uuid":"bf9d73dd-e77a-413d-bd77-8ce51912b166","modified":1586008331392,"file_url":"https://greasyfork.org/scripts/36866-%E8%B1%86%E7%93%A3%E7%94%B5%E5%BD%B1%E5%8A%A9%E6%89%8B-douban-movie-helper/code/%E8%B1%86%E7%93%A3%E7%94%B5%E5%BD%B1%E5%8A%A9%E6%89%8B%7Cdouban%20movie%20helper.user.js"}}