{"options":{"check_for_updates":false,"comment":null,"compat_foreach":false,"compat_metadata":false,"compat_prototypes":false,"compat_wrappedjsobject":false,"compatopts_for_requires":true,"noframes":null,"override":{"merge_connects":true,"merge_excludes":true,"merge_includes":true,"merge_matches":true,"orig_connects":[],"orig_excludes":[],"orig_includes":[],"orig_matches":["https://e6.edu-edu.com.cn/exam/student/exam2/dostart/*","https://e3.edu-edu.com.cn/exam/student/exam2/dostart/*","https://e4.edu-edu.com.cn/exam/student/exam2/dostart/*","https://e5.edu-edu.com.cn/exam/student/exam2/dostart/*"],"orig_noframes":null,"orig_run_at":"document-idle","use_blockers":[],"use_connects":[],"use_excludes":[],"use_includes":[],"use_matches":[]},"run_at":null},"settings":{"enabled":false,"position":28},"meta":{"name":"高等自考教育","uuid":"e9c67e61-0477-4395-8af4-e5ca2ff21825","modified":1617292760478}}